title,content,date,thematic_topics,importance_rating,sentiment,emotions
"US Elections 2024","The US Elections 2024 are heating up with candidates from both parties announcing their candidacy.","2024-01-01","['US Elections']",5,1,"['Joy', 'Trust']"
"US-China Trade War","The US-China Trade War continues to escalate with new tariffs and trade restrictions.","2024-01-02","['US-China Trade War', 'US Economy', 'Global Trade']",4,-1,"['Fear', 'Anger']"
"Global Climate Change","Global climate change is causing severe weather patterns and affecting economies worldwide.","2024-01-03","['Climate Change', 'Global Economy', 'Environmental Impact']",5,-1,"['Sadness', 'Fear']"
"Tech Innovations in Silicon Valley","Silicon Valley continues to lead in tech innovations with new startups emerging every day.","2024-01-04","['Tech Innovations', 'Silicon Valley', 'Startups']",3,1,"['Anticipation', 'Joy']"
"European Union Economic Policies","The European Union is implementing new economic policies to boost growth and stability.","2024-01-05","['EU Economic Policies', 'European Economy']",4,0,"['Trust', 'Anticipation']"
"Emerging Markets Growth","Emerging markets are showing significant growth potential despite global economic challenges.","2024-01-06","['Emerging Markets', 'Global Economy']",4,1,"['Joy', 'Anticipation']"
"Healthcare Advances in Asia","Asia is seeing rapid advances in healthcare technology and services.","2024-01-07","['Healthcare Advances', 'Asia', 'Technology']",3,1,"['Trust', 'Joy']"
"Middle East Geopolitical Tensions","Geopolitical tensions in the Middle East are rising, affecting global oil prices.","2024-01-08","['Middle East Tensions', 'Global Oil Prices', 'Geopolitics']",5,-1,"['Fear', 'Anger']"
"US Federal Reserve Interest Rates","The US Federal Reserve is considering changes to interest rates to manage inflation.","2024-01-09","['US Federal Reserve', 'Interest Rates', 'Inflation']",4,0,"['Anticipation', 'Trust']"
"Renewable Energy Investments","Investments in renewable energy are increasing as countries aim for sustainability.","2024-01-10","['Renewable Energy', 'Sustainability', 'Global Investments']",5,1,"['Joy', 'Trust']"
"Brexit Impact on UK Economy","Brexit continues to impact the UK economy with new trade deals and regulations.","2024-01-11","['Brexit', 'UK Economy', 'Trade Deals']",4,0,"['Anticipation', 'Trust']"
"Artificial Intelligence in Healthcare","AI is revolutionizing healthcare with new diagnostic tools and treatment options.","2024-01-12","['Artificial Intelligence', 'Healthcare', 'Technology']",5,1,"['Joy', 'Trust']"
"Cybersecurity Threats","Cybersecurity threats are on the rise, affecting businesses and individuals globally.","2024-01-13","['Cybersecurity', 'Global Threats', 'Technology']",5,-1,"['Fear', 'Anger']"
"US Infrastructure Bill","The US government is proposing a new infrastructure bill to improve roads, bridges, and public transport.","2024-01-14","['US Infrastructure', 'Government Policy', 'Public Transport']",4,1,"['Trust', 'Anticipation']"
"Space Exploration Advances","New advances in space exploration are being made with missions to Mars and beyond.","2024-01-15","['Space Exploration', 'Technology', 'Mars Missions']",5,1,"['Joy', 'Anticipation']"
"Global Economic Outlook","The global economic outlook remains uncertain with varying growth rates across regions.","2024-01-16","['Global Economy', 'Economic Outlook', 'Regional Growth']",3,0,"['Anticipation', 'Trust']"
"US Immigration Policies","Changes in US immigration policies are affecting the flow of immigrants and the labor market.","2024-01-17","['US Immigration', 'Labor Market', 'Government Policy']",4,0,"['Trust', 'Anticipation']"
"Electric Vehicles Market","The market for electric vehicles is growing rapidly with new models and technologies.","2024-01-18","['Electric Vehicles', 'Technology', 'Market Growth']",5,1,"['Joy', 'Anticipation']"
"Asia-Pacific Trade Agreements","New trade agreements in the Asia-Pacific region are boosting economic cooperation.","2024-01-19","['Asia-Pacific Trade', 'Economic Cooperation', 'Trade Agreements']",4,1,"['Trust', 'Anticipation']"
"US Healthcare Reform","The US is undergoing healthcare reform to improve access and affordability for citizens.","2024-01-20","['US Healthcare', 'Reform', 'Government Policy']",4,1,"['Trust', 'Joy']"
